id,first_name,last_name,email,gender,ip_address
1,Jo-ann,Scargill,jscargill0@yelp.com,Genderfluid,7546936914
2,Damian,Drache,ddrache1@springer.com,Agender,4293739994
3,Brandea,Merrington,bmerrington2@scientificamerican.com,Bigender,1993169010
4,Saunderson,Labro,slabro3@yellowpages.com,Genderqueer,6777170917
5,Steffen,Ashlin,sashlin4@devhub.com,Agender,8264648190
6,Teresita,O' Mullane,tomullane5@yellowbook.com,Female,3404840585
7,Leilah,Babst,lbabst6@wikimedia.org,Bigender,9895113746
8,Fidelio,Saunper,fsaunper7@blinklist.com,Genderfluid,9507637955
9,Augie,Cringle,acringle8@unicef.org,Female,2779760479
10,Kesley,Ferras,kferras9@webs.com,Non-binary,4426003721
11,Trudie,Fairleigh,tfairleigha@yahoo.co.jp,Polygender,6557838457
12,Charlot,Bleythin,cbleythinb@simplemachines.org,Agender,9859304563
13,Bancroft,Wilcocke,bwilcockec@zdnet.com,Genderqueer,9639003833
14,Conway,Loade,cloaded@istockphoto.com,Agender,3044784929
15,Elmira,Ollie,eolliee@google.de,Bigender,2981713348
16,Vallie,Haddinton,vhaddintonf@linkedin.com,Genderfluid,8184393285
17,Allen,Este,aesteg@dagondesign.com,Polygender,9732395270
18,Clarke,Farncomb,cfarncombh@oakley.com,Agender,5429397724
19,Hildegaard,Lamberts,hlambertsi@indiatimes.com,Genderfluid,8314644059
20,Benyamin,Denge,bdengej@yellowbook.com,Agender,4686984355
21,Augustus,Butterly,abutterlyk@nationalgeographic.com,Female,7423278638
22,Bartlet,Youthed,byouthedl@sbwire.com,Male,8894976167
23,Jase,Royds,jroydsm@storify.com,Male,8546860381
24,Alick,Zaniolo,azaniolon@tuttocitta.it,Female,5724772474
25,Othilia,Comberbeach,ocomberbeacho@smh.com.au,Non-binary,8808720413
26,Torin,Points,tpointsp@state.gov,Non-binary,7993858870
27,Quentin,Kirwin,qkirwinq@skyrock.com,Female,8511655439
28,Carolynn,Manser,cmanserr@yale.edu,Non-binary,2137905888
29,Lanae,Heeney,lheeneys@google.co.uk,Non-binary,7709522402
30,Retha,Doonican,rdoonicant@domainmarket.com,Agender,7668944685
31,Dud,Hansemann,dhansemannu@illinois.edu,Non-binary,6886545666
32,Trudy,Donohue,tdonohuev@ted.com,Polygender,3611482232
33,Clarice,Croke,ccrokew@altervista.org,Genderqueer,5799582131
34,Shalna,Dorgan,sdorganx@thetimes.co.uk,Non-binary,4575864075
35,Ruthe,Lightoller,rlightollery@free.fr,Bigender,4058898972
36,Consolata,Gavan,cgavanz@bbb.org,Genderfluid,3955286815
37,Demetris,MacFarlane,dmacfarlane10@dell.com,Genderfluid,2486108363
38,Pavel,Lawless,plawless11@mapquest.com,Genderqueer,8493106446
39,Carrissa,Gyer,cgyer12@mit.edu,Female,1976345531
40,Herbert,Coyne,hcoyne13@weibo.com,Genderfluid,9006903252
41,Ferdie,Norssister,fnorssister14@hhs.gov,Genderfluid,9388355291
42,Carmen,Nears,cnears15@engadget.com,Female,5762809758
43,Anatol,Darbon,adarbon16@independent.co.uk,Polygender,7114041801
44,Burty,Staff,bstaff17@washington.edu,Male,5475386632
45,Heida,Edser,hedser18@technorati.com,Agender,1426097915
46,Emogene,Roubert,eroubert19@google.nl,Non-binary,3151596551
47,Christoffer,Course,ccourse1a@youku.com,Agender,2806557593
48,Ced,Briskey,cbriskey1b@ucsd.edu,Female,4062148550
49,Eben,Sowersby,esowersby1c@mashable.com,Polygender,5833992635
50,Katheryn,Taylour,ktaylour1d@devhub.com,Genderfluid,5415506284
